,airline,x,y,sentiment
0,Virgin America,40.74804263,-73.99295302,positive
1,Virgin America,42.361016,-71.02000488,negative
2,Virgin America,33.94540417,-118.4062472,neutral
3,Virgin America,33.94209449,-118.40410103,negative
4,Virgin America,33.2145038,-96.9321504,positive
5,Virgin America,34.0219817,-118.38591198,neutral
6,Virgin America,33.57963333,-117.73024772,neutral
7,Virgin America,40.6413712,-73.78311558,negative
8,Virgin America,36.08457854,-115.13780136,positive
9,Virgin America,37.79374402,-122.39327564,negative
10,Virgin America,26.074379,-80.1416831,negative
11,Virgin America,33.9469039,-118.40716847,positive
12,Virgin America,51.04345575,-114.06071363,negative
13,Virgin America,40.64662464,-73.77090177,neutral
14,Virgin America,33.94652852,-118.40766257,positive
15,Virgin America,38.9128188,-77.00798226,positive
16,Virgin America,32.84359605,-96.84910929,positive
17,Virgin America,32.8437698,-96.84928399,negative
18,Virgin America,26.06726717,-80.14433663,negative
19,Virgin America,32.8454782,-96.8504585,positive
20,Virgin America,39.24087254,-94.63994975,neutral
21,Virgin America,37.77465018,-122.44032176,positive
22,Virgin America,33.94696831,-118.40747994,neutral
23,Virgin America,40.63767372,-74.11075451,negative
24,Virgin America,40.78986648,-73.10068286,neutral
25,Virgin America,42.5696777,-71.42056878,positive
26,Virgin America,37.80065252,-122.43857414,neutral
27,Virgin America,36.08546367,-115.31814055,neutral
28,United,19.43706642,-99.07927123,negative
29,United,39.8621249,-104.6740909,positive
30,United,52.59657643,-2.19877833,negative
31,United,29.98386923,-95.33729612,negative
32,United,29.98340611,-95.33682231,negative
33,United,29.98350019,-95.33675519,negative
34,United,29.98377529,-95.33756559,negative
35,United,29.98350283,-95.33678993,negative
36,United,29.98384925,-95.3374653,negative
37,United,29.98372726,-95.33734532,negative
38,United,29.98521945,-90.25215941,negative
39,United,29.98698389,-90.25081767,negative
40,United,29.98699328,-90.25081691,negative
41,United,29.98878092,-90.25836915,negative
42,United,29.9880285,-90.25781369,negative
43,United,29.987463,-90.25860012,negative
44,United,29.98746669,-90.25862007,negative
45,United,35.8057062,-78.7869445,positive
46,United,52.48854137,-1.91022836,negative
47,United,45.58711296,-122.58038932,negative
48,United,59.38247253,18.00789007,negative
49,United,32.86680572,-80.01338439,negative
50,United,41.9785651,-87.90833965,neutral
51,United,53.36729431,-2.27861694,neutral
52,United,41.98202331,-87.90374263,negative
53,United,37.7994546,-122.427629,neutral
54,United,41.97777091,-87.90782014,negative
55,United,41.88298649,-87.63403627,negative
56,United,35.8056542,-78.786848,neutral
57,United,33.9411179,-118.3972405,negative
58,United,41.98191311,-87.80888924,negative
59,United,39.85862444,-104.6768992,negative
60,United,38.9470418,-77.4511456,positive
61,United,41.97758714,-87.91388554,negative
62,United,38.9470207,-77.4511745,positive
63,United,40.68545235,-74.18374208,negative
64,United,51.3228181,5.3576138,neutral
65,United,26.07324041,-80.14510971,negative
66,United,40.69943599,-74.17868875,negative
67,United,26.07694041,-80.13546475,negative
68,United,40.6992418,-74.17884798,negative
69,United,28.62111274,-81.29294408,negative
70,United,40.69814396,-74.17906717,negative
71,United,39.85790482,-104.67039013,negative
72,United,39.85799572,-104.67056217,negative
73,United,51.72050559,8.72711201,negative
74,United,29.7420124,-95.5606921,negative
75,United,40.6875448,-74.17714813,negative
76,United,19.43493094,-99.18877967,negative
77,United,29.7421541,-95.5600896,negative
78,United,41.97745295,-87.91025951,negative
79,United,41.97475934,-87.89040377,negative
80,United,51.322819,5.3576218,positive
81,United,41.97474769,-87.89039148,negative
82,United,41.97758466,-87.91065356,negative
83,United,29.98788997,-95.34470061,negative
84,United,45.52146907,-122.69810485,negative
85,United,41.97495038,-87.89005988,negative
86,United,29.98877308,-95.33846478,negative
87,United,41.97883697,-87.90639116,negative
88,United,45.67920767,-111.04847652,negative
89,United,41.97888728,-87.90617197,negative
90,United,33.64323551,-84.44248239,negative
91,United,40.69450196,-74.1749219,negative
92,United,39.24541389,-106.88172648,negative
93,United,20.0615871,110.18390431,positive
94,United,39.84911904,-104.67447584,negative
95,United,36.08161548,-115.14959772,negative
96,United,27.9746606,-82.5320172,neutral
97,United,45.67922537,-111.04823044,negative
98,United,45.67922693,-111.04839797,negative
99,United,45.67925887,-111.04844481,negative
100,United,45.67912434,-111.04847959,negative
101,United,29.98378319,-95.33473143,negative
102,United,-38.0271635,145.2112317,neutral
103,United,-38.0269936,145.2110041,neutral
104,United,33.94077727,-118.39921036,negative
105,United,29.9866693,-95.3382794,negative
106,United,36.08655568,-115.1394417,negative
107,United,41.92992293,-87.66944213,negative
108,United,41.97890473,-87.91027352,positive
109,United,41.9763291,-87.73856403,negative
110,United,51.3228191,5.3576225,positive
111,United,43.56768225,-116.22061173,negative
112,United,38.95201335,-77.44443882,positive
113,United,43.56764134,-116.22089932,positive
114,United,39.8586527,-104.6718518,negative
115,United,40.69672337,-74.17710665,negative
116,United,47.4390828,-122.300713,negative
117,United,47.4389994,-122.3010208,negative
118,United,39.85861469,-104.67233425,negative
119,United,-37.8536992,145.1106176,neutral
120,United,39.8586566,-104.6718497,negative
121,United,39.8586593,-104.6718352,negative
122,United,39.85873319,-104.67372668,negative
123,United,37.83520596,-122.25460611,negative
124,United,29.98704632,-95.3378275,negative
125,United,29.98707518,-95.33783524,negative
126,United,41.97862209,-87.91469774,negative
127,United,41.97456785,-87.90563774,negative
128,United,25.79104444,-80.27338351,positive
129,United,39.99829207,-82.88085401,negative
130,United,39.99814659,-82.88058383,negative
131,United,38.94562938,-77.44400264,negative
132,United,29.98872603,-95.3384666,negative
133,United,29.98870677,-95.33845443,positive
134,United,40.6941088,-74.17545854,negative
135,United,39.99806982,-82.88439575,negative
136,United,22.31355693,113.92636768,neutral
137,United,37.61980156,-122.38447633,negative
138,United,33.94171725,-118.39844033,negative
139,United,34.99254864,-80.92841859,negative
140,United,37.61829369,-122.39192247,positive
141,United,21.32911863,-157.91749165,neutral
142,United,38.95801195,-77.44365722,negative
143,United,38.93770157,-77.4551004,negative
144,United,37.61839686,-122.38751,negative
145,United,37.61926072,-122.38812564,negative
146,United,38.95638224,-77.43898845,negative
147,United,35.07067492,-80.7899648,negative
148,United,43.60417384,-110.7362561,negative
149,United,39.85760174,-104.66669625,negative
150,United,26.07294988,-80.14147128,positive
151,United,35.00096266,-80.87374938,negative
152,United,35.00595547,-80.89437239,negative
153,United,19.43010575,-99.18988829,positive
154,United,19.41622708,-99.16143525,negative
155,United,37.61782989,-122.39172299,negative
156,United,37.61761896,-122.39164663,negative
157,United,40.72476892,-74.09204213,negative
158,United,18.47066766,-68.40014139,negative
159,United,38.94291482,-77.44870496,negative
160,United,31.27777976,121.59340615,neutral
161,United,33.84438223,-116.5516582,negative
162,United,33.84445776,-116.55139365,negative
163,United,40.73074756,-73.95248962,negative
164,United,33.89611413,-84.33113356,negative
165,United,33.89638659,-84.33108377,negative
166,United,25.08347991,-77.3225763,negative
167,United,42.3613256,-71.0167387,positive
168,United,39.74529398,-104.99225976,negative
169,United,18.47240961,-68.39941149,negative
170,United,18.4729405,-68.39820768,negative
171,United,18.47233225,-68.39941165,negative
172,United,18.4710809,-68.39995916,negative
173,United,43.59688282,-72.96820686,negative
174,United,29.81532281,-95.40830048,negative
175,United,41.9413787,-87.8932425,negative
176,United,41.9808176,-87.9063373,negative
177,United,41.9809313,-87.9063148,positive
178,United,33.99585652,-117.35791469,negative
179,United,33.94238375,-118.39906416,negative
180,United,41.86591706,-87.6231238,positive
181,United,41.86590405,-87.62282728,negative
182,United,41.86589387,-87.62303178,negative
183,United,39.77848558,-104.90007634,negative
184,United,39.77390684,-104.84537303,negative
185,United,39.83426941,-104.69960636,negative
186,United,39.83426941,-104.69960636,negative
187,United,41.86591215,-87.6231126,negative
188,United,39.84913886,-104.67403666,negative
189,United,40.71857786,-73.99426076,negative
190,United,29.98498519,-95.3338971,negative
191,United,40.71518191,-73.99595593,negative
192,United,38.26810946,-82.12153441,negative
193,United,37.61476852,-122.40521688,positive
194,United,29.98384194,-95.33664018,negative
195,United,40.64993239,-73.78249589,neutral
196,United,49.73717309,-96.67646776,positive
197,United,29.98454639,-95.33856899,negative
198,United,41.9653255,-87.87535719,negative
199,United,37.78736562,-122.40865161,negative
200,United,33.63992689,-84.44705534,positive
201,United,33.64314381,-84.44252134,negative
202,United,42.37525611,-71.24042938,negative
203,United,43.68346133,-79.61394084,positive
204,United,45.58977875,-122.59182952,positive
205,United,28.34834331,-81.48581918,negative
206,United,25.07815796,55.13798672,negative
207,United,45.58986727,-122.59182577,negative
208,United,37.6202411,-122.3883092,negative
209,United,25.0779704,55.13808289,negative
210,United,25.07772121,55.13822432,negative
211,United,30.15481071,-95.43911291,neutral
212,United,25.0776918,55.13824067,negative
213,United,29.98445184,-95.33224657,positive
214,United,37.62025528,-122.38832698,negative
215,United,40.62387603,-74.30164717,negative
216,United,37.78194753,-122.43412918,positive
217,United,37.62068265,-122.38816957,negative
218,United,40.7868699,-111.9790833,positive
219,United,40.69758992,-74.25047478,negative
220,United,40.7697595,-111.974937,neutral
221,United,33.82063563,-116.50768141,negative
222,United,37.78508121,-122.41114577,negative
223,United,40.71288929,-74.16612474,negative
224,United,40.68612449,-74.18465897,negative
225,United,40.69522398,-74.1760931,negative
226,United,37.6205514,-122.3867929,neutral
227,United,40.69482181,-74.17458032,negative
228,United,37.6209902,-122.3867265,negative
229,United,37.6208766,-122.3867929,negative
230,United,40.6867848,-74.18351089,negative
231,United,34.06143413,-118.39787418,neutral
232,United,38.21327338,-85.76378195,negative
233,United,38.94549594,-77.45193731,negative
234,United,40.77395906,-73.8746932,positive
235,United,37.63404103,-122.40313084,negative
236,United,39.99869322,-82.88004055,negative
237,United,37.99311597,-84.52114659,negative
238,United,37.99311597,-84.52114659,negative
239,United,39.99838284,-82.88068344,negative
240,United,35.23908248,-120.64078264,negative
241,United,35.23896405,-120.64046203,negative
242,United,40.71517211,-74.01453422,positive
243,United,37.61907,-122.38607,negative
244,United,37.61821986,-122.38745399,negative
245,United,35.8924655,-84.19243176,positive
246,United,34.06979432,-117.57757056,neutral
247,United,13.71241507,100.60468537,negative
248,United,34.06978184,-117.57752166,negative
249,United,34.06071437,-117.59814212,negative
250,United,1.3523078,103.8637764,neutral
251,United,38.78438914,-104.72749614,negative
252,United,-33.87144962,151.20821275,neutral
253,United,41.97826134,-87.91247425,negative
254,United,35.21498347,-80.96071981,neutral
255,United,40.74389886,-74.12493599,neutral
256,United,29.98425706,-95.34407392,positive
257,United,40.03395098,-105.24950187,negative
258,United,41.98084325,-87.90939435,neutral
259,United,33.5089001,-112.02901444,negative
260,United,38.94494175,-77.45367931,negative
261,United,41.98160558,-87.90496847,negative
262,United,39.85823091,-104.67802376,negative
263,United,29.97877958,-95.33246329,negative
264,United,37.62006843,-122.38822083,negative
265,United,29.98605741,-90.25189405,negative
266,United,33.75357228,-116.36206155,negative
267,United,37.94357634,-121.69565906,negative
268,United,33.75538818,-116.36197002,negative
269,United,33.75536802,-116.36197857,negative
270,United,40.79971517,-74.25960937,negative
271,United,33.75539049,-116.36196163,negative
272,United,37.62063433,-122.38946673,negative
273,United,33.75539049,-116.36196163,negative
274,United,27.98622757,-82.5414547,negative
275,United,33.75348859,-116.36209633,negative
276,United,33.75348859,-116.36209633,negative
277,United,40.54989958,-111.90404484,positive
278,United,36.08651969,-115.13942786,negative
279,United,36.08652135,-115.13941959,negative
280,United,34.01019938,-117.42860927,neutral
281,United,34.01352255,-117.44528297,negative
282,United,41.9797415,-87.9099894,negative
283,United,40.84018945,-73.93737649,negative
284,United,38.88839871,-94.62041633,positive
285,United,42.04836196,-87.74130154,neutral
286,United,40.69428253,-74.17219198,negative
287,United,40.69429232,-74.17208436,negative
288,United,37.61833841,-122.38389799,negative
289,United,37.61859126,-122.38385699,negative
290,United,45.58931882,-122.5959928,negative
291,United,39.85861725,-104.67232956,negative
292,United,39.85861339,-104.67232131,neutral
293,United,26.37852293,-81.78472152,negative
294,United,39.85871934,-104.67371484,negative
295,United,40.70773298,-74.17069948,negative
296,United,40.70749747,-74.17084113,negative
297,United,40.35805521,-111.78241283,positive
298,United,37.62006843,-122.38822083,negative
299,United,30.09009009,-95.64621813,neutral
300,United,38.9058375,-77.00423674,negative
301,Southwest,41.19758614,-73.76914167,negative
302,Southwest,41.1974934,-73.76920486,negative
303,Southwest,41.19747574,-73.76926201,positive
304,Southwest,41.78546237,-87.7430551,negative
305,Southwest,42.88502249,-85.52894527,negative
306,Southwest,38.30097379,-122.30180037,negative
307,Southwest,35.84808282,-78.66572751,negative
308,Southwest,42.3667769,-71.0170733,positive
309,Southwest,39.87778809,-75.23663363,negative
310,Southwest,39.64617884,-94.31618144,neutral
311,Southwest,37.6177248,-122.3913514,positive
312,Southwest,37.6170841,-122.3877223,negative
313,Southwest,41.52066893,-81.21118788,neutral
314,Southwest,39.50503682,-119.77382751,positive
315,Southwest,32.73154946,-117.19636508,negative
316,Southwest,42.3427148,-71.5504243,negative
317,Southwest,32.7156489,-117.1556388,negative
318,Southwest,33.43403712,-111.99678364,positive
319,Southwest,33.64079948,-84.4358346,negative
320,Southwest,32.85744983,-97.03548311,positive
321,Southwest,34.00646846,-118.48131246,positive
322,Southwest,40.76352814,-111.89191896,positive
323,Southwest,41.79410567,-87.74243312,negative
324,Southwest,33.51750182,-101.90914558,neutral
325,Southwest,29.65283375,-95.275749,positive
326,Southwest,40.91509493,-81.4367726,neutral
327,Southwest,32.73284288,-117.19634507,negative
328,Southwest,40.91497406,-81.43686526,negative
329,Southwest,42.58417604,-83.1064707,positive
330,Southwest,42.58399752,-83.10630667,neutral
331,Southwest,39.87875827,-75.23722854,negative
332,Southwest,30.27027027,-97.74064527,negative
333,Southwest,33.4338494,-111.9963312,positive
334,Southwest,33.00605781,-96.76519155,negative
335,Southwest,41.72810364,-71.43406677,positive
336,Southwest,34.7300769,-92.219814,positive
337,Southwest,41.77838296,-87.7409109,negative
338,Southwest,38.84884095,-77.04207298,negative
339,Southwest,40.72845228,-80.08224442,positive
340,Southwest,36.12665696,-86.66953068,negative
341,Southwest,41.65451582,-70.61064187,negative
342,Southwest,39.87638268,-75.23929034,negative
343,Southwest,39.73217408,-105.0050626,negative
344,Southwest,39.1848041,-76.6787131,negative
345,Southwest,28.44752379,-81.46716587,neutral
346,Southwest,39.1780768,-76.670155,negative
347,Southwest,39.1766101,-76.6700606,negative
348,Southwest,39.1766101,-76.6700606,negative
349,Southwest,39.1765188,-76.6696894,negative
350,Southwest,39.1766716,-76.6694354,negative
351,Southwest,42.19881665,-83.3859395,negative
352,Southwest,39.1766628,-76.6694238,negative
353,Southwest,39.1766573,-76.669424,negative
354,Southwest,28.43278708,-81.46990923,negative
355,Southwest,36.15093569,-115.27959887,negative
356,Southwest,39.17692138,-76.66929304,negative
357,Southwest,39.1799072,-76.6704455,negative
358,Southwest,39.1798687,-76.6707032,negative
359,Southwest,39.1799094,-76.6709767,negative
360,Southwest,29.6526846,-95.2787367,neutral
361,Southwest,26.52778866,-81.75533052,negative
362,Southwest,38.90385896,-76.51625101,positive
363,Southwest,30.26196639,-97.75945775,neutral
364,Southwest,41.81477378,-80.93644744,negative
365,Southwest,33.6839241,-117.8607358,positive
366,Southwest,30.30630631,-97.71394697,positive
367,Southwest,40.77512287,-73.86982237,positive
368,Southwest,41.30091858,-95.89873244,negative
369,Southwest,41.30204773,-95.9002533,negative
370,Southwest,35.12084166,-89.84738331,neutral
371,Southwest,35.9807446,-115.0846183,negative
372,Southwest,40.2376266,-74.9171435,neutral
373,Southwest,41.78959656,-87.74028015,negative
374,Southwest,38.73434659,-90.35501265,positive
375,Southwest,40.731704,-73.1724805,negative
376,Southwest,41.93001697,-72.68496357,negative
377,Southwest,41.93015938,-72.68522399,negative
378,Southwest,33.93454129,-118.40270098,negative
379,Southwest,42.313473,-87.83530047,negative
380,Southwest,33.1973379,-96.7573509,negative
381,Southwest,26.08232307,-80.16234879,neutral
382,Southwest,33.67698231,-117.8647932,positive
383,Southwest,33.18882771,-96.64036423,negative
384,Southwest,40.774588,-73.8708903,negative
385,Southwest,37.78915629,-122.4148408,negative
386,Southwest,36.08029523,-115.1466466,negative
387,Southwest,35.0557688,-78.9702049,neutral
388,Southwest,32.8405223,-96.8149248,negative
389,Southwest,32.80223908,-117.2312804,neutral
390,Southwest,39.29345234,-94.71996208,negative
391,Southwest,36.0931536,-86.6973554,positive
392,Southwest,36.1293776,-86.6699252,negative
393,Southwest,30.20650347,-97.74889927,negative
394,Southwest,34.0658388,-117.5711653,positive
395,Southwest,39.28859449,-76.61832385,neutral
396,Southwest,41.24222981,-77.02647239,neutral
397,Southwest,30.20654541,-97.74890436,neutral
398,Southwest,29.98473682,-90.25978334,negative
399,Southwest,39.29372784,-94.71998281,negative
400,Southwest,39.86311565,-104.67610845,negative
401,Southwest,33.05776114,-96.78169517,positive
402,Southwest,28.43585235,-81.30356273,positive
403,Southwest,32.96225554,-96.80070994,positive
404,Southwest,33.94729153,-118.40186744,negative
405,Southwest,33.94729537,-118.40196951,negative
406,Southwest,39.17709903,-76.67124539,negative
407,Southwest,36.898315,-76.204491,positive
408,Southwest,29.65275101,-95.27596615,positive
409,Southwest,35.8271843,-87.43714049,negative
410,Southwest,27.9344812,-82.47401175,neutral
411,Southwest,44.8741191,-93.22830677,neutral
412,Southwest,38.97681463,-76.50266928,positive
413,Southwest,40.4871427,-112.011264,neutral
414,Southwest,30.43823709,-97.76632883,neutral
415,Southwest,36.22640559,-86.82373437,negative
416,Southwest,25.7661538,-80.2517994,negative
417,Southwest,38.34274662,-122.32611925,negative
418,Southwest,41.28597403,-72.44456912,neutral
419,Southwest,36.11159761,-86.7844525,negative
420,Southwest,40.71035967,-74.15721568,negative
421,Southwest,39.73167173,-86.3559619,positive
422,Southwest,36.14488928,-86.68739667,positive
423,Southwest,29.65350715,-95.26679505,negative
424,Southwest,33.42067535,-111.93155126,negative
425,Southwest,36.14487986,-86.68740641,neutral
426,Southwest,40.65954723,-74.16986421,negative
427,Southwest,40.65958823,-74.16987822,negative
428,Southwest,40.65951726,-74.16980326,negative
429,Southwest,40.65947097,-74.16982402,negative
430,Southwest,40.65957477,-74.17018971,negative
431,Southwest,30.0554953,-95.1659332,negative
432,Southwest,36.0212589,-86.5447783,positive
433,Southwest,38.73693556,-90.35367062,negative
434,Southwest,38.98057249,-76.73463232,positive
435,Southwest,35.99558298,-78.89974547,positive
436,Southwest,41.79493709,-71.48004413,negative
437,Southwest,30.35571967,-87.27675562,negative
438,Southwest,38.56979708,-75.1096009,neutral
439,Southwest,21.05483165,-86.78164351,neutral
440,Delta,40.70326657,-74.01106458,neutral
441,Delta,34.02763089,-118.49627894,positive
442,Delta,34.02761838,-118.49646336,neutral
443,Delta,34.02764112,-118.49636416,positive
444,Delta,42.3658858,-71.01423374,negative
445,Delta,33.8191302,-118.1455457,neutral
446,Delta,42.36005288,-71.06315559,negative
447,Delta,40.76262466,-73.73946148,neutral
448,Delta,40.76262285,-73.7394313,negative
449,Delta,41.21681145,-73.12508256,positive
450,Delta,51.54381448,-0.00116722,negative
451,Delta,34.09548421,-81.20955847,neutral
452,Delta,42.3427056,-71.5504108,neutral
453,Delta,33.78310211,-84.21250227,neutral
454,Delta,42.35829164,-71.06163025,positive
455,Delta,26.37067479,-80.10215823,neutral
456,Delta,41.06865736,-73.70398273,positive
457,Delta,40.64579177,-73.77555571,neutral
458,Delta,41.06869526,-73.70402469,negative
459,Delta,40.6467516,-73.77465033,neutral
460,Delta,40.64646872,-73.77594979,negative
461,Delta,26.0713458,-80.146874,negative
462,Delta,13.07761455,-59.60542973,neutral
463,Delta,13.07787514,-59.6049865,negative
464,Delta,33.7008468,-118.0192094,positive
465,Delta,40.64682076,-73.7823236,neutral
466,Delta,40.64485766,-73.78737261,negative
467,Delta,42.36494288,-71.01451482,negative
468,Delta,40.89343356,-74.29961359,neutral
469,Delta,40.85036847,-74.42575912,negative
470,Delta,40.775248,-74.48253909,negative
471,Delta,40.77844416,-73.87477197,negative
472,Delta,40.64797296,-73.77939249,negative
473,Delta,40.64602261,-73.7762935,negative
474,Delta,40.61883222,-74.015404,neutral
475,Delta,40.61884429,-74.0153922,negative
476,Delta,40.61878764,-74.01544319,negative
477,Delta,40.61886457,-74.01535789,negative
478,Delta,40.79874419,-73.82756667,neutral
479,Delta,40.6466862,-73.7769539,negative
480,Delta,42.40805407,-88.62699707,negative
481,Delta,40.7740308,-73.8674526,negative
482,Delta,4.69840554,-74.14134323,positive
483,Delta,32.73346632,-117.20410937,negative
484,Delta,40.64646912,-73.79133606,negative
485,Delta,38.6485933,-121.11740707,positive
486,Delta,40.64646912,-73.79133606,negative
487,Delta,40.64646912,-73.79133606,negative
488,Delta,38.69255098,-121.58854512,positive
489,Delta,25.05152514,-77.46620117,negative
490,Delta,34.546788,-87.012305,positive
491,Delta,40.65275545,-73.79457024,negative
492,Delta,40.64779984,-73.78283404,negative
493,Delta,42.36726898,-71.01512871,positive
494,Delta,18.43615031,-66.00573829,negative
495,Delta,40.67851205,-73.43465391,positive
496,Delta,41.05811177,-73.53637216,positive
497,Delta,40.64573089,-73.77655727,negative
498,Delta,28.42301907,-81.29654204,positive
499,Delta,40.64342444,-111.49392569,negative
500,Delta,40.64339686,-111.49337274,negative
501,Delta,40.88529232,-73.856635,negative
502,Delta,40.88539964,-73.85658056,negative
503,Delta,40.7171667,-73.96415608,positive
504,Delta,40.71716644,-73.96426215,neutral
505,Delta,43.3230125,-73.64314219,neutral
506,Delta,33.8117407,-118.1628,neutral
507,Delta,26.07159064,-80.14770942,positive
508,Delta,40.64530946,-73.77617682,negative
509,Delta,40.64534568,-73.77609616,negative
510,Delta,40.64531687,-73.77617765,negative
511,Delta,40.64529157,-73.7761025,negative
512,Delta,37.40321679,-121.96988433,neutral
513,Delta,38.91355311,-77.04169657,neutral
514,Delta,40.79248745,-111.98778056,positive
515,Delta,40.64638899,-73.78399051,positive
516,Delta,40.64656067,-73.78334045,negative
517,Delta,40.64656067,-73.78334045,negative
518,Delta,40.64656067,-73.78334045,negative
519,Delta,40.64656067,-73.78334045,negative
520,Delta,40.64656067,-73.78334045,negative
521,Delta,40.64661043,-73.776003,positive
522,Delta,40.64719984,-73.77530956,negative
523,Delta,40.64679403,-73.77516598,negative
524,Delta,40.64679903,-73.7734517,neutral
525,Delta,40.64374009,-73.77678134,negative
526,Delta,40.64490372,-73.77508276,negative
527,Delta,42.36834942,-71.0152744,positive
528,Delta,42.36833796,-71.01525742,negative
529,Delta,40.63817554,-73.95630614,negative
530,Delta,38.87982914,-77.11608667,negative
531,Delta,33.81346953,-117.91426571,negative
532,Delta,33.81391813,-117.92216895,negative
533,Delta,40.64610291,-73.78666687,positive
534,Delta,40.64527675,-73.7761654,negative
535,Delta,40.64527481,-73.77615604,negative
536,Delta,40.51809311,-74.48552378,negative
537,Delta,40.51806327,-74.48518231,negative
538,Delta,40.51270596,-74.48509319,neutral
539,Delta,40.64518126,-73.77582926,negative
540,Delta,40.51794328,-74.48516831,negative
541,Delta,40.64520088,-73.77587636,negative
542,Delta,40.77471899,-73.86957658,negative
543,Delta,46.14149629,-122.90609053,neutral
544,Delta,40.77460155,-73.86969694,negative
545,Delta,41.71826065,-72.68689133,negative
546,Delta,28.4261453,-81.2998841,positive
547,Delta,18.22245647,-63.00369733,positive
548,Delta,18.22245647,-63.00369733,positive
549,Delta,18.22245747,-63.00369895,positive
550,Delta,32.73130971,-117.20222555,negative
551,Delta,18.44643543,-66.28345755,negative
552,Delta,18.4465457,-66.28316651,negative
553,Delta,32.99815682,-117.17405196,negative
554,Delta,42.36604659,-71.01573889,negative
555,Delta,40.64784472,-73.77710687,neutral
556,Delta,40.64656067,-73.78334045,negative
557,Delta,46.16798631,-122.96616783,negative
558,Delta,46.16788404,-122.96673513,positive
559,Delta,40.78521842,-74.07232899,positive
560,Delta,32.07301184,-81.09362691,positive
561,US Airways,35.21979387,-80.94498281,positive
562,US Airways,33.43720156,-111.99928786,negative
563,US Airways,40.6954621,-74.1733106,negative
564,US Airways,29.99135326,-95.52122091,negative
565,US Airways,29.99653598,-95.53874781,negative
566,US Airways,35.22177192,-80.92309308,negative
567,US Airways,38.95804042,-77.26190063,negative
568,US Airways,39.87010428,-75.2507858,negative
569,US Airways,42.2822248,-71.0378408,negative
570,US Airways,33.43588637,-111.99965664,negative
571,US Airways,33.43824974,-111.99987573,negative
572,US Airways,33.43790009,-111.99746652,negative
573,US Airways,35.21843964,-80.94253029,negative
574,US Airways,39.8805621,-75.23893393,negative
575,US Airways,39.88116058,-75.24031037,negative
576,US Airways,39.88024969,-75.2363937,negative
577,US Airways,33.6424884,-84.4325976,negative
578,US Airways,21.15194085,-86.82443877,negative
579,US Airways,40.49569523,-80.24513477,negative
580,US Airways,36.11203645,-115.17712729,negative
581,US Airways,33.80598632,-118.36571615,negative
582,US Airways,38.86411798,-77.0231684,negative
583,US Airways,32.43487013,-80.64150369,negative
584,US Airways,33.54774386,-86.75224256,negative
585,US Airways,39.8749399,-75.2407937,negative
586,US Airways,39.8749366,-75.2407972,negative
587,US Airways,21.15192481,-86.82441431,negative
588,US Airways,39.8749922,-75.24017448,negative
589,US Airways,39.87455718,-75.24082121,negative
590,US Airways,42.36184505,-71.02219492,negative
591,US Airways,43.19825137,-70.87335749,negative
592,US Airways,43.19830037,-70.87348793,negative
593,US Airways,43.19824341,-70.8733423,negative
594,US Airways,43.19872113,-70.87307422,negative
595,US Airways,42.74561865,-73.80942844,negative
596,US Airways,35.87642273,-78.79274566,negative
597,US Airways,35.87648539,-78.79266577,negative
598,US Airways,33.50528024,-86.81047219,negative
599,US Airways,40.85214382,-73.28567395,negative
600,US Airways,39.98272482,-86.22502919,negative
601,US Airways,37.78831231,-122.41007318,negative
602,US Airways,35.22358885,-80.95061712,negative
603,US Airways,35.21905941,-80.9426995,negative
604,US Airways,40.04903686,-75.1035816,negative
605,US Airways,39.87309176,-75.24413798,negative
606,US Airways,38.92102632,-76.9969392,negative
607,US Airways,39.52438256,-74.70144898,negative
608,US Airways,36.24269903,-86.10760197,negative
609,US Airways,25.7789761,-80.1353923,negative
610,US Airways,25.7789509,-80.1353866,negative
611,US Airways,39.05365524,-84.65487604,negative
612,US Airways,39.25956567,-76.70131545,negative
613,US Airways,39.87631844,-75.24302471,negative
614,US Airways,43.74167873,-79.3442243,negative
615,US Airways,34.00912984,-84.37154603,negative
616,US Airways,39.87355987,-75.24730884,negative
617,US Airways,39.87414824,-75.25238981,negative
618,US Airways,39.87414053,-75.25236332,negative
619,US Airways,40.04893741,-75.10344598,negative
620,US Airways,39.87372068,-75.24732898,negative
621,US Airways,35.2190054,-80.9427282,negative
622,US Airways,35.2191669,-80.9435256,negative
623,US Airways,40.04915451,-75.10364317,negative
624,US Airways,41.49092099,-81.71644934,negative
625,US Airways,33.43629607,-111.99894068,negative
626,US Airways,41.49090693,-81.71627307,negative
627,US Airways,41.72221977,-71.44574004,positive
628,US Airways,41.46454996,-81.70961875,negative
629,US Airways,41.46460532,-81.70957793,negative
630,US Airways,39.94624391,-75.17915216,positive
631,US Airways,39.90000449,-75.20693516,negative
632,US Airways,35.2238122,-80.9435393,negative
633,US Airways,34.16721397,-118.3453091,negative
634,US Airways,38.85580899,-77.04174148,negative
635,US Airways,38.90321224,-76.99583548,negative
636,US Airways,39.9692473,-75.1346431,neutral
637,US Airways,38.18285051,-85.74225293,negative
638,US Airways,42.201792,-88.3376974,negative
639,US Airways,42.2017895,-88.337723,negative
640,US Airways,35.22257093,-80.93941664,negative
641,US Airways,34.16721627,-118.34537339,negative
642,US Airways,40.77265898,-73.86525922,negative
643,US Airways,51.4713252,-0.4674035,negative
644,US Airways,35.2203248,-80.94508344,negative
645,US Airways,38.86402742,-77.04855865,negative
646,US Airways,38.86432211,-77.04913451,negative
647,US Airways,39.8816419,-75.2475867,negative
648,US Airways,39.8744048,-75.24235009,negative
649,US Airways,29.99562368,-90.24376862,negative
650,US Airways,42.95012208,-87.90085158,neutral
651,US Airways,42.95119138,-87.90117857,negative
652,US Airways,29.98442078,-90.25340271,negative
653,US Airways,29.99894707,-90.27229299,negative
654,US Airways,29.98730979,-90.25605983,negative
655,US Airways,40.74609464,-74.00636235,negative
656,US Airways,35.2204278,-80.94281752,positive
657,US Airways,33.79727578,-117.85043081,neutral
658,US Airways,35.22209167,-80.95237732,positive
659,US Airways,35.22476994,-80.93932077,negative
660,US Airways,35.22447828,-80.93940943,negative
661,US Airways,35.22604872,-80.93863381,negative
662,US Airways,35.22123472,-80.93287633,positive
663,US Airways,35.21820752,-80.94527061,positive
664,US Airways,35.210373,-80.9538682,negative
665,US Airways,41.15955496,-81.39767448,negative
666,US Airways,41.16013713,-81.39768211,negative
667,US Airways,41.16012493,-81.39760735,positive
668,US Airways,30.44405028,-84.23614305,negative
669,US Airways,30.44414315,-84.23627649,negative
670,US Airways,35.23185283,-80.96487203,negative
671,US Airways,43.0460116,-84.4795683,negative
672,US Airways,43.0460003,-84.4794566,negative
673,US Airways,35.22287836,-80.94056653,negative
674,US Airways,36.1036159,-115.16564,negative
675,US Airways,35.22363719,-80.94045544,negative
676,US Airways,35.22347122,-80.94043272,negative
677,US Airways,27.96879606,-82.55192621,positive
678,US Airways,25.8801693,-80.14141202,negative
679,US Airways,35.22032317,-80.94508353,negative
680,US Airways,38.8639627,-77.0436015,negative
681,US Airways,38.8687568,-77.035652,negative
682,US Airways,36.08576903,-115.14953095,positive
683,US Airways,40.6488643,-73.7944749,negative
684,US Airways,35.20346242,-80.92218024,negative
685,US Airways,36.08584875,-115.14968355,negative
686,American,35.22643463,-80.93879965,negative
687,American,37.78618135,-122.45742542,positive
688,American,32.82813261,-97.25115941,negative
689,American,40.69017276,-73.91646118,negative
690,American,40.68994668,-73.91637642,negative
691,American,40.69002464,-73.91638072,negative
692,American,40.68996177,-73.91640136,negative
693,American,34.0213466,-118.45229268,negative
694,American,35.22643463,-80.93879965,negative
695,American,37.78618135,-122.45742542,positive
696,American,32.82813261,-97.25115941,negative
697,American,40.69017276,-73.91646118,negative
698,American,40.68994668,-73.91637642,negative
699,American,40.69002464,-73.91638072,negative
700,American,40.68996177,-73.91640136,negative
701,American,32.8968169,-97.0618222,negative
702,American,28.02034806,-82.52234293,neutral
703,American,40.78476286,-73.97029561,negative
704,American,27.97575376,-82.53714356,negative
705,American,41.06938783,-73.73394372,positive
706,American,27.97628758,-82.53727303,neutral
707,American,39.29951964,-94.71192112,negative
708,American,39.29381252,-94.71144036,negative
709,American,33.8143379,-116.53572408,positive
710,American,39.29275067,-94.70795218,negative
711,American,42.18424338,-70.92464087,negative
712,American,42.16481023,-70.88929237,negative
713,American,30.32398902,-97.71081198,negative
714,American,32.91792297,-97.00367737,negative
715,American,32.91792297,-97.00367737,negative
716,American,32.91792297,-97.00367737,negative
717,American,42.01578804,-87.68332344,negative
718,American,32.89959729,-97.03558888,positive
719,American,40.7786084,-73.94979947,negative
720,American,41.98051682,-87.73798602,negative
721,American,40.77382001,-73.87315003,negative
722,American,39.8893997,-75.219676,neutral
723,American,32.9176348,-97.0163282,positive
724,American,41.99335821,-87.91260807,negative
725,American,32.92215312,-96.97563515,negative
726,American,47.6171292,-122.2803409,negative
727,American,41.95627333,-87.87860345,negative
728,American,41.45858699,-81.86780822,negative
729,American,41.45856783,-81.86763782,negative
730,American,41.45862827,-81.86766456,negative
731,American,25.79667815,-80.28050395,negative
732,American,41.45875201,-81.86775899,negative
733,American,36.29164025,-94.11796975,neutral
734,American,35.87658269,-78.79254351,negative
735,American,41.45847861,-81.86764536,negative
736,American,41.97367122,-87.89700781,negative
737,American,35.17267919,-89.77001941,negative
738,American,35.17282894,-89.76988366,negative
739,American,35.17266822,-89.76993377,negative
740,American,35.1728241,-89.76989935,negative
741,American,35.17263842,-89.769988,negative
742,American,35.17279513,-89.76980671,negative
743,American,41.97417744,-87.9004223,negative
744,American,39.57991628,-105.94147157,positive
745,American,31.93684422,-102.20753682,negative
746,American,32.90431463,-97.03489789,negative
747,American,34.02153389,-118.45231518,negative
748,American,33.66642719,-117.88328444,negative
749,American,35.46005368,-80.68267946,negative
750,American,32.90425138,-97.02805207,negative
751,American,34.0213466,-118.45229268,negative
752,American,40.68625909,-74.17970876,negative
753,American,39.60778027,-105.95470209,negative
754,American,39.91337753,-75.3408263,neutral
755,American,34.02389944,-118.45541773,negative
756,American,33.43417698,-111.99680158,negative
757,American,30.441566,-84.281745,negative
758,American,39.91370182,-75.3405344,negative
759,American,34.09822952,-118.34307851,negative
760,American,41.97629096,-87.89888444,negative
761,American,52.51012486,-2.98098622,negative
762,American,52.51012488,-2.98098624,negative
763,American,28.35144756,-81.54358392,negative
764,American,52.51012533,-2.98099904,negative
765,American,32.78951797,-96.79891462,negative
766,American,39.60813937,-105.9548521,negative
767,American,10.42269832,-75.54540857,negative
768,American,34.10971017,-118.32188864,negative
769,American,34.10909961,-118.32361693,negative
770,American,52.51022081,-2.98091961,negative
771,American,33.43064352,-112.04521474,positive
772,American,37.93712278,-107.81800496,negative
773,American,41.97326595,-87.90025691,negative
774,American,37.77414482,-122.43628588,negative
775,American,37.93644673,-107.81832713,negative
776,American,37.93609081,-107.81826687,negative
777,American,37.93885695,-107.82069276,negative
778,American,37.93882337,-107.82065521,negative
779,American,37.93663309,-107.81820588,negative
780,American,44.98157837,-93.23592187,negative
781,American,33.9424707,-118.4066671,negative
782,American,33.9424834,-118.4066885,negative
783,American,33.9424824,-118.4066757,negative
784,American,51.44284934,-0.13973305,negative
785,American,35.09721018,-89.89624696,negative
786,American,33.9424793,-118.4066936,negative
787,American,32.79397552,-96.80477419,negative
788,American,32.79401294,-96.80478711,negative
789,American,51.44283789,-0.13974112,negative
790,American,33.55192892,-112.07392397,negative
791,American,42.205996,-83.35487329,negative
792,American,47.62581201,-122.3501506,negative
793,American,25.8058716,-80.1255332,negative
794,American,27.69523415,-97.34856142,negative
795,American,27.69540747,-97.34836874,negative
796,American,51.44275382,-0.13962939,negative
797,American,40.62967208,-73.90433402,positive
798,American,25.79729334,-80.28082058,negative
799,American,33.40901961,-111.90976239,negative
800,American,33.5333555,-112.1827159,neutral
801,American,35.2376587,-80.92256446,positive
802,American,40.67072447,-73.97727422,negative
803,American,24.55401318,-81.80300774,positive
804,American,33.94207019,-118.39427775,positive
805,American,30.0555099,-95.165959,negative
806,American,43.6950263,-79.3457844,negative
807,American,21.32879526,-157.91846558,negative
808,American,25.7977857,-80.2809721,negative
809,American,30.2772503,-81.38732586,negative
810,American,32.89840957,-97.04456259,negative
811,American,32.89873575,-97.04452633,negative
812,American,30.33730037,-97.74637026,positive
813,American,39.85437802,-104.67127565,negative
814,American,40.64859599,-73.79426922,negative
815,American,25.79939784,-80.27038889,negative
816,American,35.23776431,-80.92233988,negative
817,American,32.89772724,-97.03561645,negative
818,American,41.9774863,-87.90414419,positive
819,American,25.8058675,-80.1260541,negative
820,American,25.8058666,-80.126062,negative
821,American,25.8058656,-80.1260481,negative
822,American,35.23770686,-80.92243302,negative
823,American,33.93871373,-118.40746172,positive
824,American,34.02109254,-118.50287086,negative
825,American,35.20493157,-80.92540817,negative
826,American,34.02148779,-118.50289643,negative
827,American,40.64931132,-73.79263138,negative
828,American,40.64935461,-73.79198785,negative
829,American,35.2176668,-80.9426912,negative
830,American,32.9272165,-97.0396313,negative
831,American,38.83598483,-77.10864801,negative
832,American,40.46694635,-82.64579149,negative
833,American,40.65062011,-73.79171323,negative
834,American,35.87912533,-78.79162128,positive
835,American,40.64824535,-73.80141955,negative
836,American,32.9760867,-96.53332214,negative
837,American,25.79101279,-80.28861743,positive
838,American,15.1659317,120.5830548,negative
839,American,38.85482856,-77.04128223,negative
840,American,47.24879409,-122.43874458,negative
841,American,40.6474324,-73.7936881,positive
842,American,32.97609561,-96.53349238,negative
843,American,40.68621427,-74.1793971,positive
844,American,44.26313964,-69.78197616,negative
845,American,40.80718573,-73.95477259,negative
846,American,38.5369071,-106.9349375,negative
847,American,38.538038,-106.9370467,negative
848,American,33.64199395,-84.44238523,negative
849,American,32.90771571,-97.04233322,negative
850,American,33.93939612,-118.38973148,negative
851,American,35.22534456,-106.57241352,negative
852,American,40.46692522,-82.64567078,negative
853,American,32.9070889,-97.03785947,negative
854,American,40.64946781,-73.76624703,positive
